{"cameraMode":{"drawMode":0,"name":"Shaded","section":"Shading Mode"},"sceneLighting":true,"audioPlay":false,"sceneViewState":{"showFog":true,"showMaterialUpdate":false,"showSkybox":true,"showFlares":true,"showImageEffects":true,"showParticleSystems":true},"in2DMode":false,"pivot":{"x":400.1953125,"y":262.4619140625,"z":-6.162538528442383},"rotation":{"x":-0.07101846486330033,"y":0.02484135888516903,"z":-0.0017727806698530913,"w":-0.9971680641174316},"size":310.5429382324219,"orthographic":true}