{"cameraMode":{"drawMode":0,"name":"Shaded","section":"Shading Mode"},"sceneLighting":false,"audioPlay":false,"sceneViewState":{"showFog":true,"showMaterialUpdate":false,"showSkybox":false,"showFlares":true,"showImageEffects":true,"showParticleSystems":true},"in2DMode":false,"pivot":{"x":3.4000000953674318,"y":0.7213031649589539,"z":3.200000047683716},"rotation":{"x":0.025497229769825937,"y":0.0014995570527389646,"z":-0.0000382312064175494,"w":0.9996742606163025},"size":0.9671658277511597,"orthographic":true}