{"cameraMode":{"drawMode":0,"name":"Shaded","section":"Shading Mode"},"sceneLighting":true,"audioPlay":false,"sceneViewState":{"showFog":true,"showMaterialUpdate":false,"showSkybox":true,"showFlares":true,"showImageEffects":true,"showParticleSystems":true},"in2DMode":false,"pivot":{"x":34.23551940917969,"y":378.4345703125,"z":-6.440725326538086},"rotation":{"x":-0.07101846486330033,"y":0.02484135888516903,"z":-0.0017727806698530913,"w":-0.9971680641174316},"size":130.9652099609375,"orthographic":true}