{"cameraMode":{"drawMode":0,"name":"Shaded","section":"Shading Mode"},"sceneLighting":false,"audioPlay":false,"sceneViewState":{"showFog":true,"showMaterialUpdate":false,"showSkybox":false,"showFlares":true,"showImageEffects":true,"showParticleSystems":true},"in2DMode":false,"pivot":{"x":0.0,"y":3.864243507385254,"z":-5.960464477539063e-7},"rotation":{"x":0.254755437374115,"y":-0.053636521100997928,"z":0.014153510332107544,"w":0.9654167890548706},"size":4.776700019836426,"orthographic":false}