{"cameraMode":{"drawMode":0,"name":"Shaded","section":"Shading Mode"},"sceneLighting":true,"audioPlay":false,"sceneViewState":{"showFog":true,"showMaterialUpdate":false,"showSkybox":true,"showFlares":true,"showImageEffects":true,"showParticleSystems":true},"in2DMode":false,"pivot":{"x":-2.1947834491729738,"y":4.5566277503967289,"z":-4.662591934204102},"rotation":{"x":0.254755437374115,"y":-0.053636521100997928,"z":0.014153510332107544,"w":0.9654167890548706},"size":28.69415283203125,"orthographic":false}