{"cameraMode":{"drawMode":0,"name":"Shaded","section":"Shading Mode"},"sceneLighting":false,"audioPlay":false,"sceneViewState":{"showFog":true,"showMaterialUpdate":false,"showSkybox":false,"showFlares":true,"showImageEffects":true,"showParticleSystems":true},"in2DMode":false,"pivot":{"x":0.0,"y":0.8103282451629639,"z":-1.1920928955078126e-7},"rotation":{"x":0.025497229769825937,"y":0.0014995570527389646,"z":-0.0000382312064175494,"w":0.9996742606163025},"size":0.966378927230835,"orthographic":true}