{"cameraMode":{"drawMode":0,"name":"Shaded","section":"Shading Mode"},"sceneLighting":true,"audioPlay":false,"sceneViewState":{"showFog":true,"showMaterialUpdate":false,"showSkybox":true,"showFlares":true,"showImageEffects":true,"showParticleSystems":true},"in2DMode":false,"pivot":{"x":440.1240234375,"y":306.46502685546877,"z":103.4537124633789},"rotation":{"x":0.013493376784026623,"y":-0.03149212896823883,"z":0.00042445919825695455,"w":0.9994158744812012},"size":392.8057861328125,"orthographic":true}