{"cameraMode":{"drawMode":0,"name":"Shaded","section":"Shading Mode"},"sceneLighting":false,"audioPlay":false,"sceneViewState":{"showFog":true,"showMaterialUpdate":false,"showSkybox":false,"showFlares":true,"showImageEffects":true,"showParticleSystems":true},"in2DMode":false,"pivot":{"x":354.6021423339844,"y":251.0402069091797,"z":-510.68463134765627},"rotation":{"x":0.06289051473140717,"y":-0.046391382813453677,"z":0.0029261833988130094,"w":0.9969393610954285},"size":3.737147092819214,"orthographic":true}