{"cameraMode":{"drawMode":0,"name":"Shaded","section":"Shading Mode"},"sceneLighting":true,"audioPlay":false,"sceneViewState":{"showFog":true,"showMaterialUpdate":false,"showSkybox":true,"showFlares":true,"showImageEffects":true,"showParticleSystems":true},"in2DMode":false,"pivot":{"x":2.207477569580078,"y":10.769661903381348,"z":-13.861034393310547},"rotation":{"x":0.3125144839286804,"y":0.029915690422058107,"z":-0.009846672415733338,"w":0.9493975043296814},"size":11.273402214050293,"orthographic":true}