{"cameraMode":{"drawMode":0,"name":"Shaded","section":"Shading Mode"},"sceneLighting":true,"audioPlay":false,"sceneViewState":{"showFog":true,"showMaterialUpdate":false,"showSkybox":true,"showFlares":true,"showImageEffects":true,"showParticleSystems":true},"in2DMode":false,"pivot":{"x":427.2558288574219,"y":237.61013793945313,"z":120.072021484375},"rotation":{"x":0.025497229769825937,"y":0.0014995570527389646,"z":-0.0000382312064175494,"w":0.9996742606163025},"size":284.6567077636719,"orthographic":true}