{"cameraMode":{"drawMode":0,"name":"Shaded","section":"Shading Mode"},"sceneLighting":false,"audioPlay":false,"sceneViewState":{"showFog":true,"showMaterialUpdate":false,"showSkybox":false,"showFlares":true,"showImageEffects":true,"showParticleSystems":true},"in2DMode":false,"pivot":{"x":414.41741943359377,"y":229.75808715820313,"z":100.87203979492188},"rotation":{"x":0.06289051473140717,"y":-0.046391382813453677,"z":0.0029261833988130094,"w":0.9969393610954285},"size":1.4986258745193482,"orthographic":true}