{"cameraMode":{"drawMode":0,"name":"Shaded","section":"Shading Mode"},"sceneLighting":true,"audioPlay":false,"sceneViewState":{"showFog":true,"showMaterialUpdate":false,"showSkybox":true,"showFlares":true,"showImageEffects":true,"showParticleSystems":true},"in2DMode":false,"pivot":{"x":440.711181640625,"y":228.2733154296875,"z":100.39695739746094},"rotation":{"x":0.06289051473140717,"y":-0.046391382813453677,"z":0.0029261833988130094,"w":0.9969393610954285},"size":288.4535827636719,"orthographic":true}