{"cameraMode":{"drawMode":0,"name":"Shaded","section":"Shading Mode"},"sceneLighting":true,"audioPlay":false,"sceneViewState":{"showFog":true,"showMaterialUpdate":false,"showSkybox":true,"showFlares":true,"showImageEffects":true,"showParticleSystems":true},"in2DMode":false,"pivot":{"x":361.5823669433594,"y":413.4314880371094,"z":101.41071319580078},"rotation":{"x":0.013493376784026623,"y":-0.03149212896823883,"z":0.00042445919825695455,"w":0.9994158744812012},"size":186.47720336914063,"orthographic":true}