{"cameraMode":{"drawMode":0,"name":"Shaded","section":"Shading Mode"},"sceneLighting":false,"audioPlay":false,"sceneViewState":{"showFog":true,"showMaterialUpdate":false,"showSkybox":false,"showFlares":true,"showImageEffects":true,"showParticleSystems":true},"in2DMode":false,"pivot":{"x":14.717656135559082,"y":1.3686989545822144,"z":-21.063093185424806},"rotation":{"x":0.025497229769825937,"y":0.0014995570527389646,"z":-0.0000382312064175494,"w":0.9996742606163025},"size":0.7998154163360596,"orthographic":true}