{"cameraMode":{"drawMode":0,"name":"Shaded","section":"Shading Mode"},"sceneLighting":true,"audioPlay":false,"sceneViewState":{"showFog":true,"showMaterialUpdate":false,"showSkybox":true,"showFlares":true,"showImageEffects":true,"showParticleSystems":true},"in2DMode":false,"pivot":{"x":434.7521667480469,"y":239.50051879882813,"z":145.6419677734375},"rotation":{"x":0.025497229769825937,"y":0.0014995570527389646,"z":-0.0000382312064175494,"w":0.9996742606163025},"size":345.03350830078127,"orthographic":true}