{"cameraMode":{"drawMode":0,"name":"Shaded","section":"Shading Mode"},"sceneLighting":true,"audioPlay":false,"sceneViewState":{"showFog":true,"showMaterialUpdate":false,"showSkybox":true,"showFlares":true,"showImageEffects":true,"showParticleSystems":true},"in2DMode":false,"pivot":{"x":290.0133972167969,"y":359.0184326171875,"z":95.82267761230469},"rotation":{"x":0.013493376784026623,"y":-0.03149212896823883,"z":0.00042445919825695455,"w":0.9994158744812012},"size":404.524169921875,"orthographic":true}