{"cameraMode":{"drawMode":0,"name":"Shaded","section":"Shading Mode"},"sceneLighting":false,"audioPlay":false,"sceneViewState":{"showFog":true,"showMaterialUpdate":false,"showSkybox":false,"showFlares":true,"showImageEffects":true,"showParticleSystems":true},"in2DMode":false,"pivot":{"x":0.49329525232315066,"y":-3.03426456451416,"z":64.52714538574219},"rotation":{"x":0.026996619999408723,"y":0.002998948795720935,"z":-0.00008097539830487221,"w":0.999631404876709},"size":33.54246139526367,"orthographic":false}