{"cameraMode":{"drawMode":0,"name":"Shaded","section":"Shading Mode"},"sceneLighting":true,"audioPlay":false,"sceneViewState":{"showFog":true,"showMaterialUpdate":false,"showSkybox":true,"showFlares":true,"showImageEffects":true,"showParticleSystems":true},"in2DMode":false,"pivot":{"x":391.1878662109375,"y":374.3634338378906,"z":102.88314819335938},"rotation":{"x":0.013493376784026623,"y":-0.03149212896823883,"z":0.00042445919825695455,"w":0.9994158744812012},"size":137.45584106445313,"orthographic":true}